id,text,sentiment
61c32e21-3547-40b5-a3c1-b70a59f26ca1,"the camera is fantastic for work, great value",1
3cf94aa9-c2e1-4063-a646-0db9ae1f092b,"the camera is slow for gaming, waste of money",0
5e354346-6f92-430e-9a06-705e3e7b9c2b,"this product performs terrible for school, do not recommend",0
8c0f915f-fdf8-4003-9178-ac5af491c8e8,"the headphones performs great for the price, shipping was fast",1
2daa8565-51a6-42d3-b95e-685a882dd2c4,"this product works fragile for school, would not buy again",0
fb1bd4a8-358b-4d1b-8168-8f9fe248b48e,"the tablet performs solid for daily use, very satisfied",1
371fc9f4-1d3d-4427-849d-8c540cec1160,"the blender looks unreliable, quality is poor",0
6c2c779c-3e6d-42b9-a230-176ac3e3ea18,the watch feels unreliable,0
6343ee16-00ad-4193-8824-94b3671fb2c3,"the shoes is terrible for travel, quality is poor",0
89a260a9-cd4b-4ce7-84c3-537663ab4f96,"the tablet looks reliable for school, shipping was fast",1
f3d9a6f6-e19f-4dc4-a2d3-df8dc65dedd2,"the laptop is slow overall, shipping was slow",0
d6027d8e-2bb4-4552-90ed-540af47e4742,"this product is fast for travel, very satisfied",1
cdd93d90-a04e-49e8-b426-bb5b5218146a,"the jacket performs unreliable, shipping was slow",0
418e4cba-46fd-4dd7-ba1d-0e54d07b068a,"the blender performs slow for work, waste of money",0
9ae4bbbf-d784-4790-8bd5-5e1390ca3a4e,"the jacket works bad, shipping was slow",0
7fa1f9bd-943e-4bbe-b35d-2b69b5807ba6,"this product performs reliable for school, great value",1
6c45c5e9-f996-4bc9-a4ab-150278938465,"the jacket works solid for school, great value",1
49a2bb01-a421-4d66-9db0-dc11451785df,"the laptop feels flimsy for daily use, do not recommend",0
0a221b2d-96f9-4806-9ea0-b47300ed1a18,"the tablet performs disappointing for daily use, waste of money",0
7c42fc2c-fe84-4abb-8fbc-717494fe6c72,"the headphones is slow overall, shipping was slow",0
f1e955b7-89a6-4144-a29e-83e48c743e1d,"the camera works solid overall, quality is top-notch",1
a5108402-9511-4c2e-a68d-15aeab575263,"the watch is amazing for school, shipping was fast",1
f449efb8-3c3f-4958-aa2a-e6cf53956ea1,"the laptop performs great for daily use, quality is top-notch",1
7cc8ce6f-ae0b-4ca4-ac69-1b76c0d6f679,"the phone looks durable, very satisfied",1
4bede6f2-0339-446b-a72a-cf4c7cbe72ed,"the headphones works excellent for the price, very satisfied",1
c2bd5dfb-00ae-431e-a368-a5defddb56ab,"the headphones looks fantastic for work, would buy again",1
54b8b631-9a07-495f-badb-6c43aed2b417,"this product is awful for work, quality is poor",0
33d4e7bc-52fc-45d2-9178-5bd6eeddebab,"the blender is solid for school, shipping was fast",1
91e5f2a3-4085-4bbd-8fb8-0ba4ed044126,"the jacket works worth it for work, would buy again",1
2537452c-550c-4a27-b627-c33c4bacf1ef,"the laptop works amazing, battery lasts long",1
a254dc90-6dff-4767-a25e-0f191c41bade,"the watch looks worth it for gaming, battery lasts long",1
c1c6e3b6-9c63-46cb-be45-effbc6cb184e,"the watch performs durable, highly recommend",1
a73f9a47-888a-478c-baed-4698e665998e,"the tablet is not worth it overall, quality is poor",0
5b4ee494-d08a-4ccc-ae41-b9c75d78a268,"the phone performs not worth it, would not buy again",0
2c34b40a-0b74-4e82-b746-a7cec72891cf,"the laptop looks fast, battery lasts long",1
e839b096-3d5e-460f-9bda-fa0458f968c3,"the shoes is terrible overall, quality is poor",0
33c66e45-c180-45bf-8a62-08d8bb9f8723,"the camera feels slow for the price, shipping was slow",0
9f23b82d-3d6c-4aff-9319-4a9597e821f8,"the phone is fast overall, great value",1
2e89d5c6-6e5b-431d-96bb-7a9c57a05152,"the jacket works flimsy for the price, do not recommend",0
aa09cab0-277d-4f4d-8f11-265196b8834e,"this product works unreliable for gaming, quality is poor",0
bf4fb340-4729-4252-8c63-9aa7487aec6a,the watch works terrible for gaming,0
34d3be44-bb26-4834-ad87-45278c4a5ccf,"this product is worth it for school, very satisfied",1
11fb240a-797a-43ac-9547-1f9ee44f5243,"the phone performs fantastic overall, quality is top-notch",1
9fe64e68-f772-4177-880c-500ed49936bb,"the phone is reliable for daily use, would buy again",1
7c0f7259-b8c3-4f9f-865f-28c5a6eeaa0c,"the jacket feels uncomfortable for the price, would not buy again",0
15e994b5-e6b8-4df3-8cbf-94330fd02d08,"the jacket performs great, highly recommend",1
d6c803f0-b5ea-4c1b-998b-8e4da9b77845,"the shoes is not worth it for the price, would not buy again",0
40e96544-b5c9-4dc2-b512-5211f7a8bd42,"the tablet works fast, would buy again",1
721d339b-811d-42a1-ba16-a9c2673e2a95,"the phone looks reliable for work, highly recommend",1
f9d8076c-4fb8-4146-a7df-223cbd0c12e1,"the tablet feels flimsy for travel, shipping was slow",0
7f6c4dac-8909-4c3c-b0e7-85a155e15b3e,"the blender looks fragile for daily use, would not buy again",0
e0943743-ac61-4d7c-923e-6362ff91e690,"the blender feels awful for gaming, would not buy again",0
4432ca6d-2559-49aa-ab4a-6a84e1ebc04a,"the camera feels terrible for travel, shipping was slow",0
329d3b4c-5c6d-4833-addc-15dfb69e2905,"the headphones looks excellent for the price, great value",1
2aca8bcf-7536-4fad-ad9a-dc805fa9240a,"the headphones performs awful for school, quality is poor",0
d73e009b-9c5b-4d22-8ca4-ab0ff6cc82e6,"the jacket works bad for gaming, quality is poor",0
e2ae814f-5793-4f3f-80e4-0cebe6cef323,the phone performs reliable,1
2e7b15ac-5103-4b72-9923-30791e1167f7,"the laptop works worth it for work, shipping was fast",1
513c8aa5-278b-4e20-9957-b4750a6d82bc,"the shoes is worth it overall, would buy again",1
2e7b3274-9181-43c6-a749-5df6c6411014,"this product is slow for daily use, shipping was slow",0
3c871372-7701-489a-bb6a-522bfd89bbdb,the headphones performs excellent for school,1
93d41aea-1d67-4b1d-afca-199eecd86eeb,"the jacket feels not worth it overall, very disappointed",0
0345f6ee-b5cc-463f-b366-c385518ee3bf,"the phone performs solid for gaming, shipping was fast",1
10af8457-0a0b-468a-a53b-4109b5337b4f,"the headphones works fast for gaming, battery lasts long",1
19efe57f-6eda-446d-a6b0-b3131d61a714,"the tablet works slow for school, waste of money",0
00487861-1e50-41eb-8b0a-28fbe1c17869,"the jacket works great overall, great value",1
bbf9420f-7d14-4058-8070-c8c0f94ff311,"this product works disappointing, would not buy again",0
7f8dcb1f-3cd8-4419-b973-3c31883d1d9c,"the watch is unreliable for school, would not buy again",0
36539e41-b1fa-4c42-afbf-c8f6da222b67,"the jacket works comfortable for school, quality is top-notch",1
7e2e1ecb-9a54-448e-966c-34263aee6f47,"this product works unreliable for the price, battery dies quickly",0
8c604275-e6fc-4391-8a63-9ccedae95b17,"the headphones is worth it, great value",1
216be8c2-38d4-47aa-8165-2a01220fdf45,"the camera feels fragile for travel, very disappointed",0
4dd38e89-14b9-4787-b8e2-816053268999,"the laptop feels not worth it overall, quality is poor",0
6759b9d6-972a-4d89-9171-3f2a532acef9,"the blender works fast overall, would buy again",1
59705fba-742c-44c8-baca-5cbce0bd930f,"the headphones works slow for school, quality is poor",0
efd0b82f-cea1-4f2f-aba1-08a63b188870,"the jacket works bad for travel, would not buy again",0
a3ce007f-14a1-49f5-8494-6c66877a88d1,"the laptop performs excellent, great value",1
377bd188-e785-4acf-83ec-424331817b7a,"the watch works slow for the price, do not recommend",0
dac6fd42-1c1f-4922-b7f8-406d2a1791dc,the headphones looks durable for travel,1
52b957ed-d67b-4332-ad7e-16e5fea6db24,"the tablet looks reliable for school, highly recommend",1
aa64f26d-be6e-4b36-ae52-3aafd5be99bc,"the headphones works fantastic for the price, would buy again",1
857d48d1-c33f-4d0a-a007-a5dc13530746,"the camera performs worth it for the price, shipping was fast",1
304cdf0e-07e0-450c-b2e8-3da19aa5fc1f,"the phone feels flimsy for work, shipping was slow",0
292bf9df-a6f7-4632-b0ba-c863d920751e,"the watch is great, shipping was fast",1
2de031a8-e9fe-4df7-9cc5-73f3cf39a283,"the headphones performs disappointing for travel, quality is poor",0
008c813e-9f2f-4b2c-8c5f-029bd0b08a68,"the tablet performs not worth it, quality is poor",0
23909069-24d9-4bf6-978f-716f08f1c36a,"the camera works unreliable for school, shipping was slow",0
af7ed8f5-d664-450f-8931-d44354f65b9b,"the headphones looks not worth it for the price, battery dies quickly",0
9655f9e2-f272-4070-b4da-66452ecd1ae9,"the shoes works reliable for work, great value",1
74e2add3-1c00-4965-9b0d-10f2f5f58a9b,"the watch performs reliable for daily use, great value",1
c35a3b37-9235-48aa-854e-e0dd8595bc8c,"the camera looks terrible for work, do not recommend",0
d924f353-dbe2-4863-b477-35c03cd6f289,"the headphones is disappointing for travel, battery dies quickly",0
84758689-9d45-4f75-afb5-4820b326e431,"the phone works disappointing, battery dies quickly",0
09fa2a1d-e822-4236-a391-605257c96dec,"the tablet feels not worth it for gaming, very disappointed",0
060d2cdc-dbe2-4dda-a276-929e762ece6b,"the shoes performs comfortable for school, very satisfied",1
47ea9865-95f2-404c-85c7-64c04a604fee,"the phone works excellent, battery lasts long",1
ab71d9fd-63a2-4904-b48e-c4729f2bddca,"the tablet is awful for work, do not recommend",0
ab2c46e7-75d5-4462-b362-ae18707c8c9a,"the watch feels comfortable for work, quality is top-notch",1
1ed90a0f-984c-4fdd-8f82-de69cbb13dd6,"this product performs flimsy for gaming, very disappointed",0
dec64f4b-ec8a-4d41-b3bf-893d189cc222,"the phone performs great for the price, quality is top-notch",1
295e205a-ca1f-4172-b081-f0ce3be53b38,"the blender performs bad overall, battery dies quickly",0
a6f477e1-a59a-44ae-b9ac-ebe40cb616d6,"the camera performs reliable for gaming, great value",1
cf29c089-6c3b-469a-b6d9-216898af9760,"the blender performs excellent for travel, shipping was fast",1
a2f01ed0-0d16-4de2-a225-f7dfd51cc39a,"the shoes works excellent for the price, shipping was fast",1
e7396306-b212-424f-92b5-b10ef9cb86ea,"this product works unreliable for daily use, very disappointed",0
bdaee60f-7886-4a79-8fad-a4d9d89c7dbc,the headphones is bad for daily use,0
7fae7ed4-c7c5-4db2-9603-96802b34f7bc,"the jacket works awful for travel, do not recommend",0
9629fd1b-60d6-4a40-a0d5-b4935e1c9741,"the jacket performs slow for gaming, would not buy again",0
e8937f4c-1809-4617-bae7-073b05bc587c,"the phone works fantastic for travel, battery lasts long",1
276bc196-093c-4105-9302-0d92ea9207cb,"the tablet works terrible overall, waste of money",0
2ee6971d-eef2-4bd7-89c6-0a41fc19d43b,"the camera is fantastic, battery lasts long",1
4fb0144d-0856-46a5-8e55-a571c535c209,"the headphones feels worth it for gaming, quality is top-notch",1
97c0ab7f-a0a6-4119-a443-d9089444aade,"the watch is amazing for travel, quality is top-notch",1
161654a1-2ac0-4a39-b24b-e808dfe80679,"the laptop looks fragile for work, do not recommend",0
3655a2e0-5a9f-4595-840c-810070951af9,"the camera looks uncomfortable for gaming, very disappointed",0
e623e130-385f-42bb-8a86-dede8bf8cc25,the shoes works comfortable for school,1
8f75f523-2c4d-4e8e-95e7-9453db9ece0e,"the headphones is uncomfortable, battery dies quickly",0
21fb9691-4f9e-4000-aafd-62c36161847d,"the camera performs fast for school, highly recommend",1
41716be9-31fe-4d50-9512-89128e23d353,"the watch is fantastic for travel, very satisfied",1
1e8d2f30-793d-490a-b451-b114caae1357,the shoes performs worth it for travel,1
8f430017-dd75-4ecd-8eec-b5530fa6e7a5,"the blender works comfortable overall, quality is top-notch",1
d3e896ce-4802-4235-b9bd-429b789f4c33,"the watch feels fast overall, quality is top-notch",1
bb221cb0-6acc-44d0-be77-b3acfd71525e,"the watch looks excellent for travel, shipping was fast",1
993e4235-f2ca-494c-aafc-dcf700979499,the watch performs fantastic overall,1
b1a12317-03fc-4364-9c02-5287f78334b6,"the laptop looks fragile, very disappointed",0
0d89798e-cad1-4505-956a-545b4f4b7adb,"the shoes works awful for the price, do not recommend",0
900cadf1-93ee-40c9-8545-7060928ea955,"the phone performs bad for gaming, very disappointed",0
74a2a741-1221-4320-b61e-be1c9746085c,"the headphones is excellent for gaming, highly recommend",1
b8f58ff8-3bb5-458d-9533-506445398217,the headphones performs solid for travel,1
7f257848-71b7-485e-8b3b-28b788085e00,"the camera looks uncomfortable for gaming, shipping was slow",0
ff2cf0fc-d5b9-43d3-a2f9-6a3068ff88db,"the laptop looks fast, shipping was fast",1
d407173c-1516-4baf-ae06-bc96cdccf4c9,"the phone is fantastic for travel, highly recommend",1
08b2a55e-5a54-4cd7-a7fd-891eabf34d33,"the jacket feels worth it for daily use, would buy again",1
82aea46d-170b-4768-ac8d-7f13bf57ef27,"the jacket performs fast, highly recommend",1
c0d08452-488f-4b27-9a74-e5bb87b4f95a,"the watch is unreliable for gaming, very disappointed",0
146b49db-5a61-4f5c-ba48-e2360b2d27bc,"the watch is great for work, great value",1
72974dd5-25b2-43ec-8eaa-d625ae067cbb,"the jacket looks solid for the price, quality is top-notch",1
1512fa65-96f7-4f6e-9724-002fcca668d3,"the camera works fragile for the price, very disappointed",0
89cd0f18-58f8-4600-b267-e8ecd0cb2b93,"the headphones performs amazing for work, very satisfied",1
109f3d43-480b-4f91-a3b5-958b2a10840c,"the phone looks fragile, quality is poor",0
d60bc54c-a4f7-490b-bde4-f25470e06422,"the jacket performs awful for the price, do not recommend",0
4b862419-1aa3-4fdc-9fc0-f2cc504a7691,"the jacket is unreliable for school, quality is poor",0
1ce77060-ac1b-4bc9-b865-1c3a23cafdb6,"the laptop works durable for work, highly recommend",1
c56dab3f-0b37-4455-99c9-6bd9f8c1d823,"the tablet looks excellent for gaming, very satisfied",1
962f5d47-b2a9-4524-a744-ddae7c86fa60,"the watch looks great for gaming, highly recommend",1
48790b8b-deff-422f-87ec-cb70c3d292c5,"the shoes performs unreliable for work, waste of money",0
5264c06b-28fd-43db-bd0a-7579a470a2b1,"the shoes works fantastic for travel, shipping was fast",1
18ffeeca-1655-49a7-b4bc-51a13e1f0077,the phone works solid for travel,1
6aab97b3-f96a-4ff0-97f2-ead0a8061607,"the headphones is fast overall, great value",1
a7d1fd67-77fb-42df-bf41-87c37eb4673b,"the shoes works not worth it overall, battery dies quickly",0
7996fd7a-3e12-4977-afeb-c9b13f17bfbe,"this product feels fast for work, quality is top-notch",1
009bb0a7-e62b-454d-b595-7a8113ee890c,"the laptop performs slow for travel, do not recommend",0
a23904f5-4da2-4b23-949b-7d061fbaab25,the blender performs disappointing for daily use,0
e76c68cb-2042-465f-85f1-dd9ea23657e0,"the blender performs solid for school, shipping was fast",1
0677c4a4-bbad-4732-9df2-b86019fdcc56,"this product performs flimsy for daily use, quality is poor",0
dcb2adb7-6497-4d10-91b1-3fb80dac930a,"the camera looks great overall, very satisfied",1
8410b908-fc2d-4058-9740-2c1cd4e8f072,"the watch performs disappointing for travel, battery dies quickly",0
9a50ea03-6dc9-4770-a811-d06e6e7eb36e,"the jacket performs slow for the price, waste of money",0
faeb49e7-7076-4deb-a26a-96cb7c0e694f,the headphones is disappointing for the price,0
ea13a1a5-41be-452a-84de-7a8c6245f25d,"the headphones works worth it for school, very satisfied",1
86daac68-b8d5-421a-9643-ab1ec7d78e96,"the camera feels fragile for the price, quality is poor",0
f4baf0ed-925e-4fed-8059-e55c7432e781,"this product is uncomfortable overall, would not buy again",0
600ad16c-30d5-43a9-98f7-52f8ecfee04e,the headphones is comfortable for travel,1
08bb2997-83d8-4f01-999b-9e2d52d7f7b1,"the laptop feels flimsy for daily use, shipping was slow",0
bee3d312-0fae-421c-8c90-ac4ae2c83382,"the watch performs fantastic for school, very satisfied",1
224a406d-3e27-44c7-b27a-6b44a7490f1c,"the laptop feels flimsy for daily use, battery dies quickly",0
c2ebc21b-9770-4c4c-926f-abb02fb194b4,"the camera looks not worth it for work, quality is poor",0
43cfff59-f984-46be-9d7b-301d86ceafa9,"the headphones looks unreliable for work, do not recommend",0
6bf0d56a-305c-4d77-9333-d76e7f819992,"the shoes performs flimsy overall, waste of money",0
3ee4a754-bb8f-423d-a8f6-e87b1d2bffe9,"the watch is uncomfortable for work, waste of money",0
79f8257e-8bf3-4e5d-bad8-ca356f7a9e14,"the jacket looks comfortable for school, battery lasts long",1
ecf0ea02-d592-4f57-87d6-c6a3bbc52165,"the tablet feels fantastic overall, very satisfied",1
167e4b72-2359-4589-a667-010f976f5bf1,"the tablet performs uncomfortable for work, do not recommend",0
d611b7bb-195f-4484-9fcd-675721a94435,"the headphones is terrible for the price, shipping was slow",0
383a19ae-7ce9-495c-b0dd-e28da3228689,"the shoes performs reliable for travel, highly recommend",1
694d19f9-6f0b-40c0-bee6-51322788872b,"the headphones performs awful for school, would not buy again",0
e14ae46d-a780-4c75-bd60-b5789e7953c6,"the shoes looks worth it, great value",1
1f4a501c-5555-4265-a5d3-918e8ddc852c,"this product feels bad for school, shipping was slow",0
fee4eeff-2d21-459d-88bc-b946a453e4a4,"the laptop feels fast for travel, very satisfied",1
b75dcf89-cd79-47b2-85ce-d97099e49526,"the jacket is slow, do not recommend",0
81cf4634-f919-4922-82f2-c793b7220c16,"the jacket looks flimsy for the price, shipping was slow",0
0cdecd78-84a8-4825-9f00-5d9e0ce52ec0,"the blender performs fragile for gaming, battery dies quickly",0
89957b20-b170-4a20-876a-a434ea335734,"the tablet performs durable, battery lasts long",1
499cbbfe-03da-4f57-9b24-5ee0bccf75f4,"this product looks fantastic for the price, quality is top-notch",1
d015dd88-d179-455e-b6dc-cfd5599c18b7,the shoes works awful for school,0
8566445a-8766-4cde-9c02-4ca8998861c1,"the phone feels terrible for daily use, quality is poor",0
58b052b0-698d-4f92-b624-0f10737b9ad9,"the blender is unreliable for school, waste of money",0
0c68b4d9-3208-4d6f-9682-13b0c828501d,"the jacket looks awful overall, shipping was slow",0
80499bcd-0f6e-4c72-bb4e-397d2222063a,"the camera works worth it for gaming, battery lasts long",1
ffbc3afd-8326-4da9-8195-97cbce6b69a7,"the shoes is reliable for school, would buy again",1
fd7e3273-5ac9-4a49-859c-09f674ed927a,the phone is fantastic for the price,1
cc1686e4-d48a-44a7-a665-58ce7a7a514a,"the jacket performs great for daily use, highly recommend",1
b30cf566-f8ab-4bfc-8161-c7bbae7f37cb,"the blender performs flimsy overall, battery dies quickly",0
419e6cf2-3050-4b33-9bbf-650febfc0a2c,"the tablet feels fragile for work, waste of money",0
f3671bc1-b427-4d90-8194-1d802082214a,"the laptop works durable for travel, battery lasts long",1
ad8c40eb-9ae5-4e17-a9f6-0b08bbf5cac1,the shoes feels disappointing for school,0
8b0d05fd-8b26-43c6-ac1c-26b26c59f5ca,the laptop performs fast for travel,1
5df98f1c-2dba-4c3a-956c-55a24d30e76f,"the watch is fast overall, very satisfied",1
2eae6d46-30e6-41ec-a95b-d133a7c36c26,"the tablet feels great for school, great value",1
2b3f3227-f99e-4786-884f-8cef3fa839a5,"the jacket looks disappointing for work, battery dies quickly",0
71b128d9-29b3-4297-a540-5dadd985b067,"the blender is durable for school, highly recommend",1
26ca59fd-9eb6-4715-a780-2508126e9300,"the laptop feels comfortable for the price, shipping was fast",1
23e2f482-18a9-4807-8ad4-54a6fe2b4e7f,the phone performs solid for gaming,1
8732fdb9-c150-45c0-801d-0da4ca49db77,this product looks disappointing for daily use,0
a324a69d-d0fc-4a2d-ac33-04d83354e6e2,"this product performs fantastic for daily use, quality is top-notch",1
d943fe10-9971-4167-a85e-10527eae6a12,the blender works awful for travel,0
7beb96ec-6dfe-4c61-8d64-a940e41dfd6d,"the phone works worth it overall, highly recommend",1
e6e579ab-3d67-4956-a603-877027bc2f0b,"the blender looks amazing for school, shipping was fast",1
d70e9789-e3c8-4585-b48e-98335f9864c1,"the shoes works unreliable, would not buy again",0
d3e5816c-4802-440b-82a0-f639d8af6297,"the phone feels reliable for daily use, shipping was fast",1
b5173a6f-95ac-4125-8449-1c02b8dc70a0,"the camera performs terrible for daily use, very disappointed",0
7d7a373b-8e58-4fa0-aadf-f809f683b6d3,"the blender is not worth it for daily use, battery dies quickly",0
e7c60123-4929-483d-abe7-943ddfbe1d72,"the jacket performs uncomfortable overall, shipping was slow",0
1f074e92-6e3b-455f-a260-6c3d55d7b0a4,"the tablet looks terrible for travel, battery dies quickly",0
f49a6c22-f6a7-4259-a70b-3eebf4b9548a,"the laptop looks reliable for the price, would buy again",1
a7bf7f34-8fb4-4af4-991d-84bb92410117,"the headphones is flimsy for school, waste of money",0
48086b80-9779-47df-a3f6-f81a7fe04a41,"the blender performs worth it for school, great value",1
9fc30f12-0e9c-4803-81a0-842e3da4a5d0,"the tablet looks flimsy for daily use, waste of money",0
adfb8358-29b2-4dfa-ab1a-b1ce7bdfa6e4,"the watch performs reliable for gaming, great value",1
1540e368-4ea6-490b-a14b-5b768972b561,"this product is reliable overall, great value",1
2d7378bc-65e9-4eed-bb32-3f7df4d52759,"the laptop feels bad overall, waste of money",0
419318dc-7cd1-4fa5-beb2-246d4cc2e843,"the phone feels comfortable for school, would buy again",1
1ad96827-99ee-4fd4-a4ac-d2a32c6a6476,"the tablet is solid for gaming, battery lasts long",1
e03c5dea-9be5-46ba-ab8e-9af3dabea668,"the camera is disappointing overall, shipping was slow",0
4d5df464-9bef-474c-aa94-98973621ed1d,"the phone works awful for daily use, shipping was slow",0
a30170c1-5ec6-4f18-8331-44f457e0e4a8,"the shoes is fragile for daily use, would not buy again",0
ed72795b-8870-418d-aab2-90d9ea61d8f7,"the shoes is fantastic for the price, highly recommend",1
bd0e8a72-44d0-4370-a4fa-ea8bf886993a,"the phone performs amazing, battery lasts long",1
83acc975-a350-4ef4-9fb3-08b0279c2d0b,the shoes looks flimsy,0
11b9d2f0-b1e9-4f4e-ad01-a88a8ec0f520,"the tablet feels reliable, shipping was fast",1
649e700d-a593-4e8f-9ba1-50ee526aebf2,"the shoes works fantastic for daily use, very satisfied",1
24407089-f840-4096-b7fb-b43864e73fe8,"the laptop looks unreliable for daily use, battery dies quickly",0
7b6e5e50-e4e9-4389-8bbf-0b70306f9ada,"the shoes is bad for school, waste of money",0
45a42cfa-790e-4688-8d39-e71df42285f7,"the jacket performs worth it overall, shipping was fast",1
0659a463-3f5c-48e1-ad4b-0118bdb51846,"the shoes performs not worth it for school, do not recommend",0
6c41d1eb-e17f-4ba9-974c-41d0e5995a55,"the jacket looks fantastic overall, battery lasts long",1
ab6688db-906e-4ca2-8811-1d44f07c9412,the watch performs solid overall,1
d902501b-c0d6-464c-a319-426247299d7c,"the blender works great for daily use, battery lasts long",1
5e506e38-5060-4377-86f4-df2d3cec8f9f,the headphones works uncomfortable for work,0
33aa2dfe-b41a-48ad-a56b-8cce2bbcf68e,"the laptop feels not worth it, do not recommend",0
069a15f3-fc51-4f44-8ec2-69cf9556d0b9,"the shoes is flimsy for gaming, battery dies quickly",0
91ef3f9f-7ff4-4a96-8218-c8b4074506e6,"the jacket looks bad for work, would not buy again",0
4d23da09-2acf-4246-ab0b-a1475e45d634,"the phone looks bad, would not buy again",0
b091eab8-0018-4fa0-a6d1-9aaa15b8b487,"the jacket works uncomfortable for gaming, very disappointed",0
601d416a-a308-44bb-a96a-5e9981b11d6c,the shoes looks fragile for travel,0
379652cd-60f1-47c8-ada9-5c1e43c097c7,"the shoes performs fast overall, shipping was fast",1
913d4457-483c-4063-abf6-b082463c85c5,"the laptop is fast for the price, shipping was fast",1
62212f59-ed73-4a1a-915a-ebaf715e7bfb,"the laptop performs fast for work, quality is top-notch",1
1f94d9ef-0116-4dc9-a125-7a08d7f71098,"the headphones performs comfortable for daily use, quality is top-notch",1
d0e0d624-b62c-4c6d-9a96-1373af4d4313,the phone performs flimsy overall,0
64f16581-3e6a-46fc-9bc7-57ea11704f1f,"the blender works fantastic for school, battery lasts long",1
76018f93-7019-4118-bebd-f80edb197849,"the shoes looks uncomfortable overall, do not recommend",0
79078f9b-1f12-473b-8649-4789b5ffc60f,"the shoes works great for work, battery lasts long",1
126448d7-34c0-4787-a61b-4d173bbd57f9,"this product works slow for gaming, waste of money",0
2bd43219-4480-467b-809b-3fc4601bb6e7,"the blender feels durable, very satisfied",1
e1a8ebc8-489a-4cc2-918a-1399f5fa56e5,"the laptop performs comfortable for travel, would buy again",1
bb4c66aa-84ab-486a-9e61-f7046ad1e66b,the shoes feels bad for the price,0
e6638407-05d2-4720-9554-7653585879bc,"the headphones performs great for the price, would buy again",1
d688f72c-67d2-44a1-93b7-c9dc442b8b94,"the shoes looks slow for daily use, quality is poor",0
d6302e76-8018-4e18-a363-f064594855f1,"this product is fantastic for school, highly recommend",1
3e590c71-0e14-49d1-919b-b5a47e89005a,"the tablet is worth it for school, great value",1
451ae308-3adc-4d03-b839-e02dd6a0ab40,"the shoes is amazing, would buy again",1
f92749a2-faef-49d2-9736-43f8678afc6e,"the jacket is bad overall, waste of money",0
8505aa1d-c275-44f6-b321-89d21b1f00f2,"the phone feels durable, battery lasts long",1
8c351d70-ed24-4f9f-85f5-08e3f43b08b7,"the laptop looks disappointing for work, quality is poor",0
821633a3-d87f-45b1-826e-b605985dfe54,"this product is worth it for gaming, battery lasts long",1
7e6733a0-9d7a-48ba-b324-92caa0299f22,"the jacket is reliable for travel, would buy again",1
4908e5f6-21de-4d0c-b318-d1ffa18db792,this product feels uncomfortable,0
ce7698f9-f089-44d5-b2ba-4ef55ca58a58,"the laptop is terrible for travel, shipping was slow",0
74384d10-1c40-4c9f-8975-9ac04e77ece2,"this product looks fast for daily use, battery lasts long",1
4ce4a248-29c2-4d92-86c5-d366a31b0b9a,the phone looks flimsy overall,0
d98d9f38-9273-4c64-81b5-192cc30e422f,"the watch is flimsy for the price, very disappointed",0
fa11758a-716e-4b6b-9e71-cf547b719757,"the shoes is comfortable for travel, quality is top-notch",1
9919ec48-f233-4f0e-9292-37ff369acd39,the blender works fragile for the price,0
3cbd13ca-2a5e-4ac3-be85-a881fca9171a,"the phone performs flimsy for school, do not recommend",0
22c73ea3-cd1b-41bf-af7d-47ed8f69fd48,"the tablet works awful for gaming, waste of money",0
13607f33-2220-4197-86c8-c2e381a6506e,the shoes feels great for work,1
0208b595-cc88-4bfc-b474-5b5b7d9d813c,"the jacket is bad for gaming, very disappointed",0
eedd7597-b042-48ed-b699-299042cf76cc,"the camera feels worth it, great value",1
b69f8554-41ab-4096-a6e9-99d8a0811384,"the watch performs slow for work, very disappointed",0
3daed386-b87f-4609-a207-2ab18e857572,"the blender looks durable overall, would buy again",1
187b7fc9-9086-4a41-95e8-6fd0070f5e6c,"the phone is fast for daily use, shipping was fast",1
2894517c-de51-4a91-8d26-e3554be6c00b,"the camera works unreliable for gaming, shipping was slow",0
054d239f-203c-4eaf-9a0c-67a6342e2234,"the jacket works terrible for work, waste of money",0
d721882b-b9c8-485e-922d-a436111262de,"the jacket performs bad for daily use, quality is poor",0
93870fd3-0059-476f-bf1c-db3961920a90,"the shoes performs excellent for daily use, highly recommend",1
58db3f05-ddf7-4ce1-9cfa-975e3f4460e7,"the phone is excellent, battery lasts long",1
7703df5a-3e00-4d67-bb2c-bbf7e02ce5a0,the headphones performs durable for the price,1
f85576b4-de07-4548-8c37-628e3f29dda7,"the phone looks fantastic overall, great value",1
6513c0a6-4a77-4ac6-9501-0b98e45cf20b,"the watch is excellent for school, great value",1
1f035f76-1a3e-4fd2-aeb1-e4f1f5f4a8ac,"the shoes feels great for work, shipping was fast",1
34900d6d-0bf2-4752-839d-46a3e47e5439,"the jacket feels fast for travel, very satisfied",1
a726c467-dcc3-44a3-a893-7a9a0cba3cfa,"the watch feels awful for the price, quality is poor",0
2efb3255-b014-45f8-8590-6f100e9fad14,"the shoes feels fast for work, great value",1
9666ec9a-30ed-4a5c-9984-0173269a0e01,"the phone works slow, very disappointed",0
f2c8af85-5137-46c3-b9c1-8cc8b0ff1637,"the tablet is fantastic for gaming, highly recommend",1
86edb9e3-dc76-4a72-a1d3-3cf063b02d23,"the headphones performs slow for school, very disappointed",0
0fd63d73-b4fd-4bc0-8d44-bfac794adf03,"the camera feels solid for work, would buy again",1
520b7592-ae44-4e1d-89f3-01607e7ab285,the tablet feels excellent for travel,1
3804d5d5-b079-4a0e-938b-484844bef830,the camera works fantastic for daily use,1
660f1f12-472d-493c-8283-0d9b6c7c717d,"the laptop looks uncomfortable for the price, very disappointed",0
17a95c6c-8555-46a7-8022-8f130ad57518,"the watch looks fantastic, great value",1
89a8a44c-6d25-4a13-945e-b5fa0b36e825,"the watch looks excellent for daily use, quality is top-notch",1
b3f56074-4281-4eb8-948e-c4e97a566152,"the blender feels great for school, great value",1
5c7068f3-6ee5-4c94-b7e0-3bc99928e966,the watch is fantastic,1
3e3ec2a8-18a6-44a9-940c-c23deb748f90,"the blender looks flimsy for daily use, shipping was slow",0
f3f7e49f-4d28-4bc5-a568-eaafc9f72d21,"the tablet performs disappointing overall, battery dies quickly",0
97a34b78-74bd-4d80-9143-c07b1d78a6ab,"the laptop feels flimsy for school, would not buy again",0
7ffd878e-af34-4f84-a5d7-5bec29e3e145,"the shoes works disappointing for work, do not recommend",0
eff8f96c-635d-409d-b76a-f23082b67e9a,"the shoes works disappointing overall, waste of money",0
d63be414-d6b1-46e2-bae0-99488b89c71c,"the headphones performs uncomfortable for school, quality is poor",0
5b7e990b-c856-41dc-bbc9-10ff945993b1,"the tablet looks amazing for the price, shipping was fast",1
9c59f733-44db-42e1-bc36-2dbff037cf8b,"this product performs solid overall, quality is top-notch",1
c3397ede-a625-47af-bb02-e1fa3ac406b8,"the headphones feels amazing, battery lasts long",1
99f534c5-e0fe-43fa-866a-d311a505e43c,"the laptop performs solid for travel, very satisfied",1
325b774f-f629-4488-92ad-ae4e7cd56b9a,"the jacket works unreliable for the price, shipping was slow",0
ee0f0fd8-cdb0-4487-adff-5a22e60d2358,the headphones looks not worth it for daily use,0
51b49dca-1ba0-4005-a745-5ad724ede0c0,"the camera is excellent for work, shipping was fast",1
1923e24f-611c-4fce-bd3e-d3be133023d4,"the watch works fantastic for gaming, quality is top-notch",1
0a594be1-0e1f-461f-b41f-5be3b92a1ab7,"the jacket works unreliable for school, would not buy again",0
da0c4024-8c98-4f61-b457-169dbf4421d3,the blender looks durable for travel,1
bc7da465-0f50-4ae5-b50e-24d0827a6eb7,the phone works awful overall,0
b3cf028d-6f35-4868-8e87-045367a1a770,"the blender is awful overall, quality is poor",0
e46a02f5-cd88-4948-b5c9-82d89163943b,"the laptop looks disappointing for gaming, waste of money",0
ad63dd13-2cfb-4248-9ca4-bacaefd5a9b1,"the watch is comfortable for work, quality is top-notch",1
988ce02e-9d7a-4acd-a250-62722b689d7b,"the blender looks worth it for work, great value",1
f02d6043-d016-4d46-aa2e-e1d5af90b9dc,"the blender works bad, do not recommend",0
d397e72b-66a3-4260-8bf7-7874f296932f,"the camera looks flimsy overall, quality is poor",0
3b0db1fd-198a-455e-899e-bbfa5a836b73,"the watch is flimsy for work, do not recommend",0
2c65c4ba-47d9-414a-ba6c-c1b785dd9584,"the jacket is uncomfortable for travel, battery dies quickly",0
fa00030a-7e7a-4e4a-a814-dca5cdcfd5ce,"the laptop performs awful, shipping was slow",0
4d058c5b-4d91-4434-ba4f-41464a5f3c27,"the headphones feels fantastic for travel, shipping was fast",1
7a692c9c-92db-45e4-9e76-00dd626a8ec4,"the shoes feels not worth it overall, do not recommend",0
0a5de48a-fa9c-49dc-971d-2af7889deb3b,"the phone performs great overall, would buy again",1
a1af331a-bb6e-4dfe-b86a-d970be9a66d5,the headphones works not worth it for the price,0
743fa299-d755-4443-b2fe-5ee60e2df309,"the blender is disappointing for gaming, shipping was slow",0
6527bb94-e139-4d95-a691-313ed9346295,"the phone feels comfortable for work, great value",1
263127f8-a133-4234-b9ab-7d3636e38950,"the shoes feels awful for the price, waste of money",0
6f57b561-d662-432f-ad78-33928c6af81c,"the jacket works not worth it for the price, very disappointed",0
e2dce532-6cf8-404a-a876-d89ab435754b,the watch looks terrible for daily use,0
e55bbd69-6fba-4971-8b93-60e564749158,the watch works bad for daily use,0
43e6bf1b-2c07-470d-b4a6-7790e25eb070,the blender performs slow for school,0
e14cc6ae-bd0d-4143-ac70-462d9a0dd852,the jacket performs solid for school,1
09314c6c-7340-4839-a6ad-6e1877a66914,"this product works fast for the price, quality is top-notch",1
53781354-ed2e-46e5-8918-f0556de30410,"the camera is not worth it for school, quality is poor",0
674eabfa-774a-4fcb-9a02-af5d5716f9f8,the laptop performs flimsy for school,0
b1ec585e-62f1-499b-99af-19ad6cac340d,"the watch performs worth it for travel, battery lasts long",1
a4b9142b-306b-4cb4-aa6e-44fd47ba535e,"the tablet performs comfortable for daily use, highly recommend",1
ed78dc56-b3fd-4dcf-af56-47a549e0b40d,"the jacket works disappointing for travel, waste of money",0
2e114aa8-779d-47af-bb05-234e73cdb3f4,"the jacket performs fragile for travel, quality is poor",0
9d30c396-2073-4c6d-bef7-cbdd6e9d5ffe,"the laptop performs awful for school, battery dies quickly",0
85bf7a0a-c1b1-4526-89a3-53ba3c4c6e25,"the headphones works flimsy, very disappointed",0
63fdb8ee-ab46-4a10-9bc8-0fe2686dc3f0,"the jacket works uncomfortable for work, waste of money",0
74c5600c-505f-4bb1-afe6-8e3a17808838,the tablet works excellent for the price,1
6c17afa6-43d9-47cd-af41-3a36c58390b2,the tablet looks fantastic for daily use,1
2b02e967-3a3f-4924-bf45-639b2abeb014,"the jacket feels not worth it for the price, do not recommend",0
7e99bc59-2865-44f1-af74-049b1a390172,"the headphones performs not worth it for school, waste of money",0
1341a33e-054e-4179-8ad7-b0dc7fa8c303,"the phone performs worth it for gaming, great value",1
8c2ba7fc-4519-4bbd-bd77-31607709a4ef,this product feels comfortable for gaming,1
50502bfc-e8a7-4828-ab02-a9fd7a4030d7,"the phone performs durable for work, highly recommend",1
3bc1c9c0-0e52-4958-a3b2-027bb99689a7,"the jacket performs terrible for work, shipping was slow",0
1bc662c1-cd8e-47a5-a3c9-2dbb2744e6a9,"the watch works unreliable, battery dies quickly",0
4b3f37b3-06ae-4009-a674-1869cd66c932,"the laptop performs bad for work, battery dies quickly",0
dbc60d6b-32c8-4cac-b765-bba3223557e1,"the phone works fast for work, highly recommend",1
52dff9b1-9a5c-41bb-b96d-ae458e97bc8a,"the laptop performs fragile for school, battery dies quickly",0
10bef401-c643-4c1d-ac0d-d1a984c597a6,"the tablet works fragile for daily use, would not buy again",0
3cdcc583-5ff0-4013-87e7-3a9f9ad5b895,"the phone performs flimsy for work, battery dies quickly",0
a456ffd0-7c77-49e6-8db7-7ef8c32ad680,"this product feels fragile for school, very disappointed",0
7e0b4fba-ecfb-445d-a0c1-229e91c798b1,"this product performs worth it for the price, highly recommend",1
526b9ac8-d36d-4ac4-b168-704220f0f13a,"the shoes feels worth it for gaming, would buy again",1
c3646ff1-d37d-4294-b136-8035085d71e4,"the headphones performs reliable, quality is top-notch",1
b7ef0c14-ff15-43dd-acbc-eb80ee48cc5b,"the shoes works fantastic for work, very satisfied",1
a428db8f-17bc-47ac-8cad-518610f5e8fa,"the camera looks comfortable for the price, battery lasts long",1
d250d48b-95a7-45a3-86e6-374628cd4f31,the shoes is terrible for gaming,0
f8c259d6-1a13-45a4-9a57-89572f6a67ac,the laptop looks uncomfortable for school,0
bbbfabe1-9e5c-437d-9fcf-5270a9d6558e,"the laptop looks bad for travel, shipping was slow",0
e9d11dd5-9690-4213-a188-bb7ba484ead5,"the tablet looks disappointing overall, quality is poor",0
bf90c7d7-40bd-45af-8553-de785c903717,this product is slow for gaming,0
caf772c1-8dd1-401e-a9ed-437cdec54299,the laptop feels not worth it for gaming,0
3096e403-8cc0-4d41-abef-372fa18e12b5,"the tablet works disappointing overall, quality is poor",0
bd9d9a51-1f51-4bfa-aff5-b69fb3591560,"the phone feels slow for gaming, very disappointed",0
75a602d4-6807-4fa1-bf02-57235008c21f,"the watch is worth it, shipping was fast",1
080884d8-965e-427d-8ee3-f8f03e3090c2,"the camera looks reliable for gaming, great value",1
96bb69d2-5237-4724-8365-37a9145cb54a,"the blender looks worth it for work, quality is top-notch",1
26be8bd6-7196-4493-8d0d-2c233d5f51d3,"the laptop is amazing overall, great value",1
edb3c13f-0276-4229-b331-5cb206894418,"the blender performs great for work, shipping was fast",1
9e332188-8ff4-4b62-901f-893ba61d789c,"the jacket performs fantastic for travel, quality is top-notch",1
c9967169-7b57-4d99-9062-d13c95b7aa12,"the headphones performs fragile for gaming, shipping was slow",0
1640b369-cdce-4ed8-ba65-01f5d80ecc9e,"the headphones is awful for travel, quality is poor",0
8367c67a-6688-4b15-9e3b-2308e18d812f,"the camera looks reliable, highly recommend",1
4344e463-0086-4a3a-82f3-a5135039828a,"the jacket performs unreliable for daily use, do not recommend",0
281c23ea-0aaf-438c-bb0d-e0f597c900a8,"the shoes performs flimsy for school, battery dies quickly",0
49653c8e-c364-4e15-9aae-f8a632ee1517,"the laptop is not worth it for daily use, would not buy again",0
c9cabe25-005b-4c0f-a922-3c5d59e33100,"the laptop performs fragile for work, waste of money",0
83c251c0-22dd-49da-81e8-e476ba634342,"the headphones performs not worth it, do not recommend",0
324f88be-0773-4b82-9e30-015afed04db0,"the phone works reliable for work, highly recommend",1
d7dfd146-7a8b-462b-ac70-063ebc54ace8,"this product works fantastic for school, quality is top-notch",1
6dca3a9e-52b2-4c69-8ff5-fd8ea4c642b9,"the phone performs solid for gaming, battery lasts long",1
1dc247fd-49aa-4f4f-942b-a201ccc80e83,"the tablet is slow for school, battery dies quickly",0
f4bbf26c-7f14-4a05-802c-faf953dce521,the headphones feels unreliable for the price,0
bfd1d8f5-a3ce-4e6d-8d25-0aca4139f165,"the watch works comfortable, quality is top-notch",1
23642ac6-dc64-41b9-81d9-a5306d7706ed,"the headphones looks excellent for the price, quality is top-notch",1
dc944579-6eac-45f0-86eb-71a4cb5ad5e1,"the jacket looks amazing for daily use, shipping was fast",1
a89602f1-9800-478b-9104-1d7b98ff3c8c,the laptop looks great overall,1
15010354-f85d-409e-af85-bb93970b3251,"the phone feels fast, battery lasts long",1
a9be0d1b-b07d-4def-89f7-ddce49a5a886,"the watch performs fragile overall, battery dies quickly",0
8ed7faea-b1cf-4f05-96b0-f6d576c9ede6,"the shoes looks solid, very satisfied",1
15be7bce-c8cd-4e32-b7c0-cfa54d1ca868,"the tablet looks comfortable for school, very satisfied",1
89e8808a-cd06-4bec-a09a-f0cc4ac3c769,"the tablet is bad, waste of money",0
6126fe24-cc45-45c2-984a-8e05ebeaa509,"the headphones performs disappointing for work, quality is poor",0
a1274e94-5dcd-4433-b712-9b1c57b1b16c,the headphones looks disappointing for gaming,0
1f90ab6f-f1bf-4bc9-b4ba-a024bbb3cb47,"the laptop works uncomfortable, battery dies quickly",0
41351e85-a003-4bac-befd-4ec820d6ea8c,"the laptop performs uncomfortable for school, quality is poor",0
97708452-f798-4965-81e9-447393f8c0d5,"the camera looks bad, would not buy again",0
84f0a277-cb31-40b1-848f-29a94068801e,"the laptop performs excellent for travel, quality is top-notch",1
72696fe2-dadb-42d0-93bc-536e947042ba,"the phone performs flimsy for daily use, battery dies quickly",0
c8108bcc-2d21-4a76-8bce-9d8b7b03856e,"the shoes performs comfortable for daily use, highly recommend",1
fde2d285-c259-4dbe-933e-e80e4659b1ee,"the jacket performs flimsy overall, quality is poor",0
6f5ab49d-7432-466f-ba05-9bc2e5f05e71,"the phone is great for the price, shipping was fast",1
50f4a7de-068a-409f-aa4f-73345e1054ff,"the tablet looks amazing for the price, would buy again",1
8f504d7a-0805-4a7f-9eaf-01e9a6a91690,"the blender looks solid for the price, shipping was fast",1
8a32eb06-db4b-4790-9124-e63103173b5b,"the camera is fast overall, would buy again",1
93f5a458-8d62-45fd-ae83-cfeb335027ff,"the jacket feels comfortable for school, battery lasts long",1
79c65c59-f3f1-4260-91bd-df9f305d03cc,"the blender is solid for work, highly recommend",1
0b53fcf9-0bb5-4c99-b7ab-135ae21756a6,"the shoes looks fantastic for travel, shipping was fast",1
c385a3b4-6d36-4f08-942d-14926d61d16d,"the blender is excellent for work, shipping was fast",1
7163188a-c979-4f4f-8c19-f2d78ad9d66f,"the shoes is flimsy for work, do not recommend",0
890204ae-bcf9-43ca-a585-a8c31e8c4820,"the headphones works not worth it for daily use, would not buy again",0
37e57fac-8dbe-427b-9b7a-70c2f74fd6b8,"the shoes works great overall, would buy again",1
a5345b17-c137-44de-a552-648ac70121cc,"the blender performs not worth it for daily use, would not buy again",0
283329f7-c706-44bf-a432-f5c8b7ee190b,"this product works solid, battery lasts long",1
f7da4416-1ab4-4b38-bc5d-0e0f1e88f8e8,"the tablet looks awful overall, battery dies quickly",0
77ddabcf-c763-4021-91f4-624a4e336f23,"the jacket feels disappointing for daily use, waste of money",0
b006d3b7-358a-46ad-b5d8-e20684d18a96,"the phone looks slow for travel, waste of money",0
524c21e0-eda9-42f1-b1bc-ef12f5a50bc6,"the headphones looks reliable for gaming, battery lasts long",1
227df28f-3a68-492b-8e4e-14959f12a7a1,"the headphones works bad, quality is poor",0
9b9a971f-3587-4953-880e-6045509254b9,"the headphones looks awful for work, do not recommend",0
b254c5a4-d097-4f9a-b0d7-824f992f914c,"the tablet feels great for travel, highly recommend",1
19c5c17c-fe3e-4fc9-82c7-ca2d62aa8e59,the camera looks fragile overall,0
abb3ea7f-576c-40d1-b4b0-b70f0af2a3b5,"the camera works uncomfortable overall, battery dies quickly",0
c5b930d9-268a-4c69-8071-a620acd8746b,"the jacket works uncomfortable overall, do not recommend",0
2278692d-343a-4ee6-a0c8-679529751e5c,the blender feels uncomfortable for school,0
5172a860-b74b-4934-aa2d-ce89ca844dce,"the laptop feels fast for gaming, very satisfied",1
6ca026fb-5a80-43e8-a76d-fb2c3b01654d,"the phone works solid for gaming, very satisfied",1
79d94ce1-3c21-434f-90ea-c5a5bd3b041d,"the watch is worth it, very satisfied",1
22ad8706-4706-4942-80e6-21eb45aa9a29,"the shoes works great for the price, shipping was fast",1
89b97ee5-15e7-4ac4-b82c-7d3498fb40b0,"this product works solid for work, shipping was fast",1
f02203d1-6325-49c6-928b-ea1dd7ae0a9c,"the laptop performs flimsy for gaming, quality is poor",0
f54a48ed-f363-4b10-8441-7b361713a387,"the tablet is excellent for school, quality is top-notch",1
a713cf10-2246-4e38-a4b6-ced3c4b5c548,this product looks unreliable for travel,0
e86ba6f7-eabf-4540-b8cc-eec9b26ce3e0,the shoes looks awful for travel,0
7fcf2c6f-8a84-4ac7-959e-9691f85bc68b,"the watch works uncomfortable for gaming, very disappointed",0
35da6b8e-45af-41cb-8a48-442b593aae0d,"the shoes performs amazing overall, shipping was fast",1
447aa160-218b-4f5a-9ab6-14daac162ce2,"this product is flimsy for travel, do not recommend",0
3348ea42-8871-456c-aedc-99593b8c9752,"the shoes looks fast overall, highly recommend",1
c3fcf27c-f01f-44dd-a20b-2206e0602cac,"the jacket is amazing, highly recommend",1
2c17f1d2-23c8-41f6-9bb2-63d9508282b9,"the headphones is worth it overall, would buy again",1
645d00cf-7b22-40fc-8c3d-862ff1cb2c9b,"the blender feels slow for work, waste of money",0
38cfc754-57d6-4a8c-8b05-3cda336803ea,"the shoes looks solid for daily use, would buy again",1
e71bdf02-b554-466d-960d-e7991cb84895,"the blender works disappointing for the price, battery dies quickly",0
5eadb56c-b952-4c0a-8601-428915aa17c5,"the phone looks not worth it for gaming, quality is poor",0
d5ee30d6-4c89-46f3-a2df-f675594ec4d1,"the tablet looks terrible for school, would not buy again",0
6dd74cc4-11ba-42c3-8d0b-bdb17fae78c4,"the camera feels excellent for daily use, highly recommend",1
36422b7b-5e9f-40af-a927-fa356bf4b449,the blender is excellent,1
5cbde37f-87f7-4e96-81dc-ab4cf2700973,"the watch performs worth it for daily use, shipping was fast",1
fc9b02c2-7fc5-4e0a-90d8-0dbbb113df72,"the headphones performs fantastic for the price, quality is top-notch",1
25db8500-eacb-470e-a07d-0d9f2ec6f4f4,"the camera feels reliable overall, quality is top-notch",1
1f4b83d5-870e-4582-8f86-e961705d1931,"this product looks great overall, highly recommend",1
11799efb-09a7-4e9f-91b0-8fe4a97571ad,"the tablet works durable for work, shipping was fast",1
f6b3f285-29cc-4a21-b004-fc8ee0d1e187,"the jacket performs awful overall, battery dies quickly",0
4d468668-1125-48f8-a9a4-e1bd356c1076,"the laptop feels slow for school, very disappointed",0
8ba88e3f-e8c7-48ad-8628-0d8e1615b028,"this product performs reliable for daily use, highly recommend",1
e6811b47-459c-4182-8b0b-aafc1561de34,"this product feels reliable for travel, quality is top-notch",1
16ed67ab-d0d4-484b-9d44-aa217e2fa006,"this product is great for daily use, would buy again",1
ea53c79d-1b54-4dac-bedf-a903b1643798,"the shoes feels comfortable for school, quality is top-notch",1
98196527-15a5-4d25-8b7b-bb0724079144,"the tablet feels worth it, highly recommend",1
e9c0a27a-f189-47d6-b73f-b8ff8a6c2029,"the watch looks durable for work, battery lasts long",1
f95d3f94-89ab-4acb-a8a7-59633e613275,"the watch works comfortable for travel, quality is top-notch",1
aef6704b-29a3-4a92-be3a-62ce5c64ba57,"the laptop feels great for gaming, would buy again",1
fe6b16f0-f1d7-4873-8052-dbedca7debc2,"this product is uncomfortable for school, would not buy again",0
c46f6453-bbbd-4159-a43a-b9848171eb0a,"the camera works uncomfortable for the price, battery dies quickly",0
6d73cd8b-23f4-46b1-8672-4e45c663fdf6,"this product works bad for work, would not buy again",0
1be0ea87-5257-49da-af03-ab0ae555d91e,"the jacket works slow for work, waste of money",0
05e5821f-2a1b-4eaa-8133-5b1b4574df90,the tablet looks flimsy,0
28304bc1-bda9-4e16-bb3b-6a693f33aca3,"the jacket works terrible for the price, shipping was slow",0
60285ac8-2a3b-4a60-8790-0909864b3d42,"the shoes performs solid for travel, highly recommend",1
825d15bd-ae86-4224-b540-a6570e96c1ed,"the headphones feels comfortable for daily use, great value",1
b88023c0-bdb0-4e39-aadf-db804f41469d,"the camera is fantastic for daily use, would buy again",1
a7654bc1-911b-462d-9961-d5caa9b11252,"the camera is fast for daily use, great value",1
9d8e955d-c2a6-4c15-9138-af5f3cc4e12e,"the phone is not worth it for travel, would not buy again",0
90c31c84-9601-487b-9b48-14ae948d5323,"the phone looks solid, shipping was fast",1
4328485e-b3a2-4c27-a331-b2339441253c,"the watch feels disappointing for travel, waste of money",0
7dfb1b50-e796-490b-9c75-96d3e9aa5c6e,"the phone looks comfortable for daily use, shipping was fast",1
7e912263-605d-4748-aa16-d98e1102e192,"the shoes feels slow for gaming, do not recommend",0
b6870c0d-0716-4046-9556-1a8dd0bf41ac,"the tablet performs awful for gaming, very disappointed",0
0fb6c331-96d4-479f-9df8-5e06d6792b30,"the jacket performs excellent for gaming, very satisfied",1
b112e715-94d3-4c03-a6cd-fc2041fcb189,"the tablet is fantastic for travel, would buy again",1
3ef6e5c6-4e79-4289-bc79-e1f4f4844737,the camera looks uncomfortable for travel,0
cf7b3485-4f0b-4f52-ae67-828ed2357b58,"the phone looks slow, battery dies quickly",0
c9ec0225-0c40-4f46-8e55-71011f81fbb1,"the shoes is awful for the price, quality is poor",0
